{
  "weapons": {
    "staff_arcane_dragon": {
      "attack_damage": 4.0,
      "attack_speed": -3.0,
      "attributes": [
        {
          "id": "spell_power:arcane",
          "value": 7.0,
          "operation": "ADDITION"
        }
      ]
    },
    "staff_netherflame": {
      "attack_damage": 4.0,
      "attack_speed": -3.0,
      "attributes": [
        {
          "id": "spell_power:fire",
          "value": 7.0,
          "operation": "ADDITION"
        }
      ]
    },
    "staff_everfrost": {
      "attack_damage": 4.0,
      "attack_speed": -3.0,
      "attributes": [
        {
          "id": "spell_power:frost",
          "value": 7.0,
          "operation": "ADDITION"
        }
      ]
    }
  },
  "armor_sets": {}
}