{
  "cache": {
    "rpg_series:tier_4_weapons": [],
    "rpg_series:tier_1_armors": [
      "archers:archer_armor_chest",
      "archers:archer_armor_feet",
      "archers:archer_armor_head",
      "archers:archer_armor_legs",
      "paladins:paladin_armor_chest",
      "paladins:paladin_armor_feet",
      "paladins:paladin_armor_head",
      "paladins:paladin_armor_legs",
      "paladins:priest_robe_chest",
      "paladins:priest_robe_feet",
      "paladins:priest_robe_head",
      "paladins:priest_robe_legs",
      "rogues:rogue_armor_chest",
      "rogues:rogue_armor_feet",
      "rogues:rogue_armor_head",
      "rogues:rogue_armor_legs",
      "rogues:warrior_armor_chest",
      "rogues:warrior_armor_feet",
      "rogues:warrior_armor_head",
      "rogues:warrior_armor_legs",
      "wizards:wizard_robe_chest",
      "wizards:wizard_robe_feet",
      "wizards:wizard_robe_head",
      "wizards:wizard_robe_legs"
    ],
    "rpg_series:tier_2_armors": [
      "archers:ranger_armor_chest",
      "archers:ranger_armor_feet",
      "archers:ranger_armor_head",
      "archers:ranger_armor_legs",
      "paladins:crusader_armor_chest",
      "paladins:crusader_armor_feet",
      "paladins:crusader_armor_head",
      "paladins:crusader_armor_legs",
      "paladins:prior_robe_chest",
      "paladins:prior_robe_feet",
      "paladins:prior_robe_head",
      "paladins:prior_robe_legs",
      "rogues:assassin_armor_chest",
      "rogues:assassin_armor_head",
      "rogues:assassin_armor_feet",
      "rogues:assassin_armor_legs",
      "rogues:berserker_armor_chest",
      "rogues:berserker_armor_head",
      "rogues:berserker_armor_feet",
      "rogues:berserker_armor_legs",
      "wizards:arcane_robe_chest",
      "wizards:arcane_robe_feet",
      "wizards:arcane_robe_head",
      "wizards:arcane_robe_legs",
      "wizards:fire_robe_chest",
      "wizards:fire_robe_feet",
      "wizards:fire_robe_head",
      "wizards:fire_robe_legs",
      "wizards:frost_robe_chest",
      "wizards:frost_robe_feet",
      "wizards:frost_robe_head",
      "wizards:frost_robe_legs"
    ],
    "rpg_series:tier_3_armors": [
      "archers:netherite_ranger_armor_head",
      "archers:netherite_ranger_armor_chest",
      "archers:netherite_ranger_armor_legs",
      "archers:netherite_ranger_armor_feet",
      "rogues:netherite_assassin_armor_head",
      "rogues:netherite_assassin_armor_chest",
      "rogues:netherite_assassin_armor_legs",
      "rogues:netherite_assassin_armor_feet",
      "rogues:netherite_berserker_armor_head",
      "rogues:netherite_berserker_armor_chest",
      "rogues:netherite_berserker_armor_legs",
      "rogues:netherite_berserker_armor_feet",
      "wizards:netherite_arcane_robe_head",
      "wizards:netherite_arcane_robe_chest",
      "wizards:netherite_arcane_robe_legs",
      "wizards:netherite_arcane_robe_feet",
      "wizards:netherite_fire_robe_head",
      "wizards:netherite_fire_robe_chest",
      "wizards:netherite_fire_robe_legs",
      "wizards:netherite_fire_robe_feet",
      "wizards:netherite_frost_robe_head",
      "wizards:netherite_frost_robe_chest",
      "wizards:netherite_frost_robe_legs",
      "wizards:netherite_frost_robe_feet"
    ],
    "rpg_series:tier_0_accessories": [],
    "rpg_series:tier_1_accessories": [
      "paladins:iron_kite_shield"
    ],
    "rpg_series:tier_3_weapons": [
      "archers:netherite_shortbow",
      "archers:netherite_longbow",
      "archers:netherite_rapid_crossbow",
      "archers:netherite_heavy_crossbow",
      "archers:netherite_spear",
      "paladins:netherite_mace",
      "paladins:netherite_great_hammer",
      "paladins:netherite_claymore",
      "paladins:netherite_holy_staff",
      "rogues:netherite_dagger",
      "rogues:netherite_sickle",
      "rogues:netherite_double_axe",
      "rogues:netherite_glaive",
      "wizards:staff_netherite_arcane",
      "wizards:staff_netherite_fire",
      "wizards:staff_netherite_frost"
    ],
    "rpg_series:tier_2_accessories": [
      "paladins:diamond_kite_shield"
    ],
    "rpg_series:tier_3_accessories": [
      "paladins:netherite_kite_shield"
    ],
    "rpg_series:tier_1_weapons": [
      "minecraft:crossbow",
      "archers:composite_longbow",
      "archers:iron_spear",
      "paladins:iron_mace",
      "paladins:iron_great_hammer",
      "paladins:iron_claymore",
      "paladins:holy_staff",
      "rogues:iron_dagger",
      "rogues:iron_sickle",
      "rogues:iron_double_axe",
      "rogues:iron_glaive",
      "wizards:staff_wizard"
    ],
    "rpg_series:golden_weapons": [
      "archers:golden_spear",
      "paladins:golden_claymore",
      "paladins:golden_great_hammer",
      "paladins:golden_mace",
      "paladins:golden_kite_shield",
      "rogues:golden_dagger",
      "rogues:golden_sickle",
      "rogues:golden_double_axe",
      "rogues:golden_glaive"
    ],
    "rpg_series:tier_2_weapons": [
      "archers:mechanic_shortbow",
      "archers:royal_longbow",
      "archers:rapid_crossbow",
      "archers:heavy_crossbow",
      "archers:diamond_spear",
      "paladins:diamond_mace",
      "paladins:diamond_great_hammer",
      "paladins:diamond_claymore",
      "paladins:diamond_holy_staff",
      "rogues:diamond_dagger",
      "rogues:diamond_sickle",
      "rogues:diamond_double_axe",
      "rogues:diamond_glaive",
      "wizards:staff_arcane",
      "wizards:staff_fire",
      "wizards:staff_frost"
    ],
    "rpg_series:tier_4_accessories": [],
    "rpg_series:tier_0_weapons": [
      "minecraft:bow",
      "archers:flint_spear",
      "paladins:wooden_great_hammer",
      "paladins:stone_great_hammer",
      "paladins:stone_claymore",
      "paladins:acolyte_wand",
      "rogues:flint_dagger",
      "rogues:stone_double_axe",
      "wizards:wand_novice"
    ]
  }
}