{
  "entries": [
    {
      "pool": "minecraft:village/desert/houses",
      "structures": [
        {
          "id": "loot_n_explore:village/desert/small_inn",
          "weight": 50,
          "limit": 1
        }
      ]
    },
    {
      "pool": "minecraft:village/savanna/houses",
      "structures": [
        {
          "id": "loot_n_explore:village/savanna/small_inn",
          "weight": 50,
          "limit": 1
        }
      ]
    },
    {
      "pool": "minecraft:village/plains/houses",
      "structures": [
        {
          "id": "loot_n_explore:village/plains/small_inn",
          "weight": 50,
          "limit": 1
        }
      ]
    },
    {
      "pool": "minecraft:village/taiga/houses",
      "structures": [
        {
          "id": "loot_n_explore:village/taiga/small_inn",
          "weight": 50,
          "limit": 1
        }
      ]
    },
    {
      "pool": "minecraft:village/snowy/houses",
      "structures": [
        {
          "id": "loot_n_explore:village/snowy/small_inn",
          "weight": 50,
          "limit": 1
        }
      ]
    }
  ]
}